{
"width": 3000, "height": 2000,
"format": "jpg",
"type":"ptm",
"colorspace":"rgb",
"lights": [0.255, -0.827, 0.501, 0.351, -0.532, 0.770, -0.132, -0.896, 0.424, -0.024, -0.652, 0.758, 0.087, -0.317, 0.944, -0.412, -0.679, 0.608, -0.293, -0.392, 0.872, -0.363, -0.801, 0.475, -0.590, -0.571, 0.571, -0.432, -0.889, 0.153, -0.594, -0.733, 0.333, -0.801, -0.509, 0.315, -0.683, -0.728, 0.063, 0.327, -0.941, 0.091, -0.031, -0.998, 0.053, 0.069, -0.926, 0.371, -0.294, -0.918, 0.265, -0.734, -0.442, 0.517, -0.452, -0.482, 0.751, -0.875, -0.128, 0.467, -0.659, -0.147, 0.738, -0.326, -0.159, 0.932, -0.762, 0.169, 0.625, -0.495, 0.166, 0.853, -0.848, 0.100, 0.520, -0.714, 0.368, 0.596, -0.964, 0.135, 0.227, -0.872, 0.324, 0.367, -0.754, 0.548, 0.362, -0.904, 0.404, 0.137, -0.834, -0.538, 0.121, -0.965, -0.232, 0.120, -0.868, -0.290, 0.403, -0.945, 0.015, 0.328, -0.665, 0.512, 0.544, -0.605, 0.264, 0.751, -0.425, 0.758, 0.494, -0.381, 0.546, 0.746, -0.301, 0.265, 0.916, -0.128, 0.754, 0.645, -0.049, 0.519, 0.854, -0.222, 0.822, 0.525, 0.094, 0.798, 0.595, -0.231, 0.943, 0.240, -0.011, 0.924, 0.382, 0.249, 0.903, 0.351, 0.044, 0.994, 0.098, -0.799, 0.567, 0.200, -0.583, 0.801, 0.133, -0.590, 0.677, 0.440, -0.334, 0.873, 0.354, 0.241, 0.813, 0.531, 0.023, 0.656, 0.754, 0.560, 0.676, 0.479, 0.363, 0.571, 0.736, 0.105, 0.373, 0.922, 0.673, 0.392, 0.627, 0.460, 0.226, 0.859, 0.701, 0.497, 0.512, 0.787, 0.206, 0.582, 0.805, 0.553, 0.214, 0.872, 0.331, 0.361, 0.945, 0.072, 0.318, 0.950, 0.295, 0.104, 0.246, 0.950, 0.191, 0.548, 0.825, 0.138, 0.431, 0.794, 0.429, 0.712, 0.620, 0.329, 0.855, 0.041, 0.517, 0.631, 0.224, 0.743, 0.833, -0.336, 0.440, 0.646, -0.164, 0.745, 0.347, 0.019, 0.937, 0.563, -0.543, 0.623, 0.295, -0.360, 0.885, 0.698, -0.530, 0.481, 0.400, -0.714, 0.575, 0.776, -0.611, 0.156, 0.579, -0.754, 0.310, 0.309, -0.912, 0.269, 0.549, -0.835, 0.032, 0.985, 0.087, 0.149, 0.964, -0.254, 0.078, 0.907, -0.143, 0.396, 0.825, -0.485, 0.289],
"nplanes": 18,
"quality": 95,
"materials": [
{
 "scale": [1.33721,1.31071,1.34751,1.13592,1.12113,1.16081,1.23698,1.21398,1.27452,1.30798,1.29422,1.31159,1.08304,1.10942,1.08391,1.36684,1.34477,1.39398],
 "bias": [-0.00755587,0.00384157,-0.00933911,0.418589,0.411762,0.443565,0.451681,0.441471,0.480885,0.917427,0.892202,0.934808,0.36194,0.367203,0.351421,0.869056,0.846446,0.881038] }
]
}
